state,Unnamed: 0,company,location,Laid_Off,Date_layoffs,Percentage,Company_Size_before_Layoffs,Company_Size_after_layoffs,Industry,Stage,Money_Raised_in_$_mil,Year,lat,lng
Arizona,2938,EdgioBishop FoxGoDaddyEdgioCarvanaEdgio,PhoenixPhoenixPhoenixPhoenixPhoenixPhoenix,2389.0,2023-06-062023-05-022023-02-082022-12-132022-11-182024-03-04,61.0,28627.0,26238.0,InfrastructureSecurityMarketingInfrastructureTransportationInfrastruc…,Post-IPOSeries BPost-IPOPost-IPOPost-IPOPost-IPO,$462$146$800$462$1600$462,12137,200.69028,-672.44424
California,392808,ZumeWeee!BitwiseNS8Beyond MeatInvestCloudVideoAmpBlackLineHeadspaceCareRevTrueCarZipRecruiterAutographAlteryxZwiftServiceTitanHeadspaceChowNowBlackLineHappy MoneyAvantStayRechargeBeyond MeatBeyond MeatSnapGoodRxJam CityBeyond MeatChowNowEmotiveCanooSidecar HealthVoyage SMSCommunityWave Sports and EntertainmentAlbertBirdVirgin HyperloopProcoreBuilderTrueCarRubicon ProjectOpenXShipsiDivergent 3DGumGumSweetgreenVideoAmpPatientPopPeerStreetZipRecruiterBirdGrayMetaHopSkipDriveTamara MellonChowNowSnapImpact.comRiot GamesXeroxGrinDialSourceQualtricsLucid SoftwareSarcosQualtricsPluralsightHomieBookClubHomieInstructureDomoSynergysuiteAdRollViasatClickUpCue HealthViasatFlock FreightTuSimpleIlluminaClickUpCue HealthCue HealthEnphase EnergyCruiseBoltChipper CashUnitySplunkFaireHippo InsuranceSiFiveLinkedInLending ClubMariaDBDeepgramCarbon HealthSchoolMintSynapseChia NetworkCowbellAirtableAt-BayChargebeeGrabangoRokuZeplinCaptiv8BlendDoximity23andMeBetterUpPlanetArchipelagoWishPointFigureTiliaMatterportPerfect DayPlexNew RelicRobinhoodUberPilotGrubhubCheggTaxBit23andMeRedditZendeskMuxNuroLinkedInTwist BioscienceUnityUpworkDropboxRapidRapidBigPandaLyftBenchlingWalkMeOpendoorTRM LabsDrip CapitalAmplitudeViewGuidelineRokuElectronic ArtsLucid MotorsAEyeGlassdoorFreshworksCourse HeroMetaAnchorage DigitalEmbark TrucksZscalerCNETWaymoSonderEventbriteStytchTwitterChipper CashDocuSignPico InteractiveThe RealRealTwilioYahooOportunGitLabAffirmGustoGongEquitybeeZoomeBayEightfold AIProtocol LabsOktaMiroSplunkWorkatoPayPalWorkdayUpstartWishImpossible FoodsConfluentGuardant HealthInnovaccerBoltUber FreightErmeticGoogleCitrine InformaticsHubilo8x8AddeparUnityLending ClubLatticeFlexportTipaltiJumioCoinbaseBlendWalkMeSoundHoundEverlaneSaleSan FranciscoorceUniphoreFreshworksThumbtackKomodo HealthOutschoolAirtableCyCognitoArmisPlaidMotiveHouzzDomaChipper CashNetlifyDoorDashKrakenNuroSynthegoRokuCiscoAsanaCaptivateIQIntercomCloudinaryVeevJuulBlendInfluxDataSoundHoundMetaLiftoffKabamSaleSan FranciscoorceZendeskTwitterStripeLyftShippoChimeChargebeeIron OxUpstartGemEquitybeeFundboxEmbrokerZeus LivingLoomAtoBFaireFlipboard6senseBrexPacasoUdacityMomentivePavilion DataBioMarinImpossible Foods8x8SpinMuxDocuSignDivvy HomesKitty HawkWorkRampTwilioPatreonIntercomDemandbaseInnovaccerHippo InsuranceApartment ListRealiSkeduloPlatoNew RelicMalwarebytesBlendTruepillCalmNutanixShogunDoma10X GenomicsOn DeckRobinhoodNylasQuantcastCareer KarmaMetromileDoverClarify HealthLyftUnstoppable Do.KiaviTonalHubiloNext InsuranceRemoteOutschoolWanderJauntTeleportEnjoyAbraUnityNianticBatonSubstackBright MachinesAppLovinSafeGraphEthos LifeNetflixVouchMasterClassSourcegraphSummerBioZumperTonkeanCoinbaseStudioStitch FixSonderTruepillSuperhumanCarbon HealthGatherIRLLoomLaceworkBoltSkillzNetflixDomaMuralOn DeckMainstreetDomestikaRobinhoodBlendAheadWishFlockjayKaterraNew RelicPostmatesDropboxAlto PharmacyWazeSaleSan FranciscoorceMozillaBuy.com / RakutenCheckrLinkedInOptimizelyKaterraDarkIntuitSplunkSynapseFIThe AthleticEthos LifeLastlineCredit SesameFundboxStitch FixBrexSamsaraSoFiIntercomUberLatticeCruiseRidecellDelivZeus LivingMixpanelGlassdoorTallyUberSegmentAirbnbJuulSandbox VRLyftLimeApp AnniePayJoyAutomation AnythingWelkin HealthZenefitsIkeLending ClubHouzzPatreonKomodo HealthForwardPeople.aiOpendoorGoProCartaParsableKodiak RoboticsThe RealRealEnvoyVSCOZooxEasyPostRhumbixYelpMatterportEventbriteScoopUnisonLeverQuantcastBranch MetricsMetromileAstraSojernMintedD2iQKaterraThirdLoveDynamic SignalSauce LabsEarninWonoloIncredible HealthKeepTruckinTuroThumbtackGetaroundB8taPeerspaceConsider.coWanderJauntWonderschoolSonderZeus LivingTriplebyteLadder LifePanda SquadSyncteraPhantom AutoElectronic ArtsTreasury PrimeSonderCiscoInstacartMozillaDocuSignOktaZoomProofpointPayPalBlockAurora SolarSalesforceeBayBrexDiscordTwitchNevroTreasure FinancialHumaneUnityEnphase EnergyCruiseInvitaeChipper CashMindBodyMindBodyAppFolioDescartes LabsZulilyConvoyFlexePayScaleConvoyHighspotRedfinNoriTextioAmazonLeaflyOutreachSmartsheetHighspotSirionLabsMicrosoftAmazonAmazonRedfinFlyhomesAmazonZillowLeaflyAmperityOutreachRad Power BikesRealSelfFlyhomesQumuloRedfinConvoyRad Power BikesAdaptive BiotechnologyBitTitanZillowLighter CapitalLoftiumJetClosingLighter CapitalRealSelfAtsuRedfinCoding DojoUsermindRoverZenotiMavenAmpleroTextioLeaflyTextioExpediaImpinjFirst ModeFlexeNanoString Tech…CerebralCerebral,CamarilloFremontFresnoLas VegasLos AngelesLos AngelesLos AngelesLos AngelesLos AngelesLos AngelesLos AngelesLos AngelesLos AngelesLos AngelesLos AngelesLos AngelesLos AngelesLos AngelesLos AngelesLos AngelesLos AngelesLos AngelesLos AngelesLos AngelesLos AngelesLos AngelesLos AngelesLos AngelesLos AngelesLos AngelesLos AngelesLos AngelesLos AngelesLos AngelesLos AngelesLos AngelesLos AngelesLos AngelesLos AngelesLos AngelesLos AngelesLos AngelesLos AngelesLos AngelesLos AngelesLos AngelesLos AngelesLos AngelesLos AngelesLos AngelesLos AngelesLos AngelesLos AngelesLos AngelesLos AngelesLos AngelesLos AngelesLos AngelesLos AngelesNorwalkSacramentoSacramentoSalt Lake CitySalt Lake CitySalt Lake CitySalt Lake CitySalt Lake CitySalt Lake CitySalt Lake CitySalt Lake CitySalt Lake CitySalt Lake CitySalt Lake CitySalt Lake CitySan DiegoSan DiegoSan DiegoSan DiegoSan DiegoSan DiegoSan DiegoSan DiegoSan DiegoSan DiegoSan Francisco Bay AreaSan Francisco Bay AreaSan Francisco Bay AreaSan Francisco Bay AreaSan Francisco Bay AreaSan Francisco Bay AreaSan Francisco Bay AreaSan Francisco Bay AreaSan Francisco Bay AreaSan Francisco Bay AreaSan Francisco Bay AreaSan Francisco Bay AreaSan Francisco Bay AreaSan Francisco Bay AreaSan Francisco Bay AreaSan Francisco Bay AreaSan Francisco Bay AreaSan Francisco Bay AreaSan Francisco Bay AreaSan Francisco Bay AreaSan Francisco Bay AreaSan Francisco Bay AreaSan Francisco Bay AreaSan Francisco Bay AreaSan Francisco Bay AreaSan Francisco Bay AreaSan Francisco Bay AreaSan Francisco Bay AreaSan Francisco Bay AreaSan Francisco Bay AreaSan Francisco Bay AreaSan Francisco Bay AreaSan Francisco Bay AreaSan Francisco Bay AreaSan Francisco Bay AreaSan Francisco Bay AreaSan Francisco Bay AreaSan Francisco Bay AreaSan Francisco Bay AreaSan Francisco Bay AreaSan Francisco Bay AreaSan Francisco Bay AreaSan Francisco Bay AreaSan Francisco Bay AreaSan Francisco Bay AreaSan Francisco Bay AreaSan Francisco Bay AreaSan Francisco Bay AreaSan Francisco Bay AreaSan Francisco Bay AreaSan Francisco Bay AreaSan Francisco Bay AreaSan Francisco Bay AreaSan Francisco Bay AreaSan Francisco Bay AreaSan Francisco Bay AreaSan Francisco Bay AreaSan Francisco Bay AreaSan Francisco Bay AreaSan Francisco Bay AreaSan Francisco Bay AreaSan Francisco Bay AreaSan Francisco Bay AreaSan Francisco Bay AreaSan Francisco Bay AreaSan Francisco Bay AreaSan Francisco Bay AreaSan Francisco Bay AreaSan Francisco Bay AreaSan Francisco Bay AreaSan Francisco Bay AreaSan Francisco Bay AreaSan Francisco Bay AreaSan Francisco Bay AreaSan Francisco Bay AreaSan Francisco Bay AreaSan Francisco Bay AreaSan Francisco Bay AreaSan Francisco Bay AreaSan Francisco Bay AreaSan Francisco Bay AreaSan Francisco Bay AreaSan Francisco Bay AreaSan Francisco Bay AreaSan Francisco Bay AreaSan Francisco Bay AreaSan Francisco Bay AreaSan Francisco Bay AreaSan Francisco Bay AreaSan Francisco Bay AreaSan Francisco Bay AreaSan Francisco Bay AreaSan Francisco Bay AreaSan Francisco Bay AreaSan Francisco Bay AreaSan Francisco Bay AreaSan Francisco Bay AreaSan Francisco Bay AreaSan Francisco Bay AreaSan Francisco Bay AreaSan Francisco Bay AreaSan Francisco Bay AreaSan Francisco Bay AreaSan Francisco Bay AreaSan Francisco Bay AreaSan Francisco Bay AreaSan Francisco Bay AreaSan Francisco Bay AreaSan Francisco Bay AreaSan Francisco Bay AreaSan Francisco Bay AreaSan Francisco Bay AreaSan Francisco Bay AreaSan Francisco Bay AreaSan Francisco Bay AreaSan Francisco Bay AreaSan Francisco Bay AreaSan Francisco Bay AreaSan Francisco Bay AreaSan Francisco Bay AreaSan Francisco Bay AreaSan Francisco Bay AreaSan Francisco Bay AreaSan Francisco Bay AreaSan Francisco Bay AreaSan Francisco Bay AreaSan Francisco Bay AreaSan Francisco Bay AreaSan Francisco Bay AreaSan Francisco Bay AreaSan Francisco Bay AreaSan Francisco Bay AreaSan Francisco Bay AreaSan Francisco Bay AreaSan Francisco Bay AreaSan Francisco Bay AreaSan Francisco Bay AreaSan Francisco Bay AreaSan Francisco Bay AreaSan Francisco Bay AreaSan Francisco Bay AreaSan Francisco Bay AreaSan Francisco Bay AreaSan Francisco Bay AreaSan Francisco Bay AreaSan Francisco Bay AreaSan Francisco Bay AreaSan Francisco Bay AreaSan Francisco Bay AreaSan Francisco Bay AreaSan Francisco Bay AreaSan Francisco Bay AreaSan Francisco Bay AreaSan Francisco Bay AreaSan Francisco Bay AreaSan Francisco Bay AreaSan Francisco Bay AreaSan Francisco Bay AreaSan Francisco Bay AreaSan Francisco Bay AreaSan Francisco Bay AreaSan Francisco Bay AreaSan Francisco Bay AreaSan Francisco Bay AreaSan Francisco Bay AreaSan Francisco Bay AreaSan Francisco Bay AreaSan Francisco Bay AreaSan Francisco Bay AreaSan Francisco Bay AreaSan Francisco Bay AreaSan Francisco Bay AreaSan Francisco Bay AreaSan Francisco Bay AreaSan Francisco Bay AreaSan Francisco Bay AreaSan Francisco Bay AreaSan Francisco Bay AreaSan Francisco Bay AreaSan Francisco Bay AreaSan Francisco Bay AreaSan Francisco Bay AreaSan Francisco Bay AreaSan Francisco Bay AreaSan Francisco Bay AreaSan Francisco Bay AreaSan Francisco Bay AreaSan Francisco Bay AreaSan Francisco Bay AreaSan Francisco Bay AreaSan Francisco Bay AreaSan Francisco Bay AreaSan Francisco Bay AreaSan Francisco Bay AreaSan Francisco Bay AreaSan Francisco Bay AreaSan Francisco Bay AreaSan Francisco Bay AreaSan Francisco Bay AreaSan Francisco Bay AreaSan Francisco Bay AreaSan Francisco Bay AreaSan Francisco Bay AreaSan Francisco Bay AreaSan Francisco Bay AreaSan Francisco Bay AreaSan Francisco Bay AreaSan Francisco Bay AreaSan Francisco Bay AreaSan Francisco Bay AreaSan Francisco Bay AreaSan Francisco Bay AreaSan Francisco Bay AreaSan Francisco Bay AreaSan Francisco Bay AreaSan Francisco Bay AreaSan Francisco Bay AreaSan Francisco Bay AreaSan Francisco Bay AreaSan Francisco Bay AreaSan Francisco Bay AreaSan Francisco Bay AreaSan Francisco Bay AreaSan Francisco Bay AreaSan Francisco Bay AreaSan Francisco Bay AreaSan Francisco Bay AreaSan Francisco Bay AreaSan Francisco Bay AreaSan Francisco Bay AreaSan Francisco Bay AreaSan Francisco Bay AreaSan Francisco Bay AreaSan Francisco Bay AreaSan Francisco Bay AreaSan Francisco Bay AreaSan Francisco Bay AreaSan Francisco Bay AreaSan Francisco Bay AreaSan Francisco Bay AreaSan Francisco Bay AreaSan Francisco Bay AreaSan Francisco Bay AreaSan Francisco Bay AreaSan Francisco Bay AreaSan Francisco Bay AreaSan Francisco Bay AreaSan Francisco Bay AreaSan Francisco Bay AreaSan Francisco Bay AreaSan Francisco Bay AreaSan Francisco Bay AreaSan Francisco Bay AreaSan Francisco Bay AreaSan Francisco Bay AreaSan Francisco Bay AreaSan Francisco Bay AreaSan Francisco Bay AreaSan Francisco Bay AreaSan Francisco Bay AreaSan Francisco Bay AreaSan Francisco Bay AreaSan Francisco Bay AreaSan Francisco Bay AreaSan Francisco Bay AreaSan Francisco Bay AreaSan Francisco Bay AreaSan Francisco Bay AreaSan Francisco Bay AreaSan Francisco Bay AreaSan Francisco Bay AreaSan Francisco Bay AreaSan Francisco Bay AreaSan Francisco Bay AreaSan Francisco Bay AreaSan Francisco Bay AreaSan Francisco Bay AreaSan Francisco Bay AreaSan Francisco Bay AreaSan Francisco Bay AreaSan Francisco Bay AreaSan Francisco Bay AreaSan Francisco Bay AreaSan Francisco Bay AreaSan Francisco Bay AreaSan Francisco Bay AreaSan Francisco Bay AreaSan Francisco Bay AreaSan Francisco Bay AreaSan Francisco Bay AreaSan Francisco Bay AreaSan Francisco Bay AreaSan Francisco Bay AreaSan Francisco Bay AreaSan Francisco Bay AreaSan Francisco Bay AreaSan Francisco Bay AreaSan Francisco Bay AreaSan Francisco Bay AreaSan Francisco Bay AreaSan Francisco Bay AreaSan Francisco Bay AreaSan Francisco Bay AreaSan Francisco Bay AreaSan Francisco Bay AreaSan Francisco Bay AreaSan Francisco Bay AreaSan Francisco Bay AreaSan Francisco Bay AreaSan Francisco Bay AreaSan Francisco Bay AreaSan Francisco Bay AreaSan Francisco Bay AreaSan Francisco Bay AreaSan Francisco Bay AreaSan Francisco Bay AreaSan Francisco Bay AreaSan Francisco Bay AreaSan Francisco Bay AreaSan Francisco Bay AreaSan Francisco Bay AreaSan Francisco Bay AreaSan Francisco Bay AreaSan Francisco Bay AreaSan Francisco Bay AreaSan Francisco Bay AreaSan Francisco Bay AreaSan Francisco Bay AreaSan Francisco Bay AreaSan Francisco Bay AreaSan Francisco Bay AreaSan Francisco Bay AreaSan Francisco Bay AreaSan Francisco Bay AreaSan Francisco Bay AreaSan Francisco Bay AreaSan Francisco Bay AreaSan Francisco Bay AreaSan Francisco Bay AreaSan Francisco Bay AreaSan Francisco Bay AreaSan Francisco Bay AreaSan Francisco Bay AreaSan Francisco Bay AreaSan Francisco Bay AreaSan Francisco Bay AreaSan Francisco Bay AreaSan Francisco Bay AreaSan Francisco Bay AreaSan Francisco Bay AreaSan Francisco Bay AreaSan Francisco Bay AreaSan Francisco Bay AreaSan Francisco Bay AreaSan Francisco Bay AreaSan Francisco Bay AreaSan Francisco Bay AreaSan Francisco Bay AreaSan Francisco Bay AreaSan Francisco Bay AreaSan Francisco Bay AreaSan Francisco Bay AreaSan Francisco Bay AreaSan Francisco Bay AreaSan Francisco Bay AreaSan Francisco Bay AreaSan Francisco Bay AreaSan Francisco Bay AreaSan Francisco Bay AreaSan Francisco Bay AreaSan Francisco Bay AreaSan Francisco Bay AreaSan Francisco Bay AreaSan Francisco Bay AreaSan Francisco Bay AreaSan Francisco Bay AreaSan Francisco Bay AreaSan Francisco Bay AreaSan Francisco Bay AreaSan Francisco Bay AreaSan Francisco Bay AreaSan Francisco Bay AreaSan Francisco Bay AreaSan Francisco Bay AreaSan Francisco Bay AreaSan Francisco Bay AreaSan Francisco Bay AreaSan Francisco Bay AreaSan Francisco Bay AreaSan Francisco Bay AreaSan Francisco Bay AreaSan Francisco Bay AreaSan Francisco Bay AreaSan Francisco Bay AreaSan Francisco Bay AreaSan Francisco Bay AreaSan Francisco Bay AreaSan Francisco Bay AreaSan Francisco Bay AreaSan Francisco Bay AreaSan Francisco Bay AreaSan Francisco Bay AreaSan Francisco Bay AreaSan Francisco Bay AreaSan Luis ObispoSan Luis ObispoSanta BarbaraSanta FeSeattleSeattleSeattleSeattleSeattleSeattleSeattleSeattleSeattleSeattleSeattleSeattleSeattleSeattleSeattleSeattleSeattleSeattleSeattleSeattleSeattleSeattleSeattleSeattleSeattleSeattleSeattleSeattleSeattleSeattleSeattleSeattleSeattleSeattleSeattleSeattleSeattleSeattleSeattleSeattleSeattleSeattleSeattleSeattleSeattleSeattleSeattleSeattleSeattleSeattleSeattleSeattleSeattleSeattleSeattleSeattleWalnutWalnut,215123.0,2020-04-152022-06-152023-06-142020-09-112023-11-022023-10-062023-09-142023-08-232023-06-292023-06-152023-06-142023-05-312023-05-042023-04-272023-03-072023-02-152022-12-142022-12-142022-12-082022-11-302022-11-092022-10-272022-10-142022-10-142022-08-312022-08-312022-08-042022-08-032022-07-132022-07-072022-07-012022-06-282022-06-232022-06-212022-06-132022-06-102022-06-072022-02-212020-07-282020-06-042020-05-282020-05-062020-04-282020-04-282020-04-242020-04-202020-04-172020-04-082020-04-012020-03-302020-03-292020-03-272020-03-232020-03-132020-03-122024-03-282024-02-052024-02-052024-01-222024-01-032022-11-302020-03-312023-10-042023-09-252023-07-172023-01-112022-12-122022-10-042022-05-312022-02-142020-05-272020-04-092020-04-022020-03-312023-11-022023-06-282023-04-282023-04-122023-04-102022-12-212022-11-142022-05-232024-02-022024-01-052023-12-182023-12-142023-12-142023-12-112023-11-282023-11-012023-11-012023-10-262023-10-242023-10-162023-10-122023-10-122023-10-112023-10-092023-10-052023-10-022023-10-022023-09-292023-09-142023-09-122023-09-112023-09-112023-09-062023-08-302023-08-242023-08-092023-08-082023-08-082023-08-022023-08-012023-08-012023-07-272023-07-272023-07-262023-07-192023-07-112023-07-062023-06-282023-06-272023-06-262023-06-212023-06-162023-06-122023-06-122023-06-112023-06-092023-06-062023-05-312023-05-312023-05-122023-05-082023-05-052023-05-032023-05-032023-04-272023-04-252023-04-252023-04-242023-04-212023-04-212023-04-192023-04-182023-04-182023-04-142023-04-052023-04-032023-04-032023-03-302023-03-292023-03-282023-03-282023-03-222023-03-162023-03-162023-03-142023-03-142023-03-032023-03-022023-03-022023-03-012023-03-012023-02-282023-02-272023-02-252023-02-172023-02-162023-02-162023-02-162023-02-132023-02-092023-02-092023-02-092023-02-082023-02-082023-02-082023-02-082023-02-072023-02-072023-02-032023-02-032023-02-022023-02-022023-02-012023-02-012023-01-312023-01-312023-01-312023-01-312023-01-302023-01-262023-01-252023-01-242023-01-242023-01-232023-01-232023-01-202023-01-202023-01-192023-01-182023-01-182023-01-172023-01-122023-01-122023-01-112023-01-112023-01-112023-01-102023-01-102023-01-082023-01-052023-01-052023-01-042023-01-032022-12-152022-12-132022-12-132022-12-102022-12-082022-12-082022-12-082022-12-072022-12-072022-12-072022-12-062022-12-062022-12-012022-11-302022-11-302022-11-182022-11-182022-11-172022-11-162022-11-152022-11-152022-11-142022-11-142022-11-112022-11-102022-11-102022-11-102022-11-102022-11-092022-11-092022-11-092022-11-072022-11-072022-11-042022-11-032022-11-032022-11-032022-11-022022-11-022022-11-022022-11-012022-11-012022-10-312022-10-252022-10-252022-10-202022-10-202022-10-192022-10-182022-10-162022-10-122022-10-112022-10-112022-10-112022-10-102022-10-102022-10-072022-10-062022-10-042022-09-302022-09-292022-09-282022-09-272022-09-212022-09-152022-09-142022-09-132022-09-072022-09-072022-09-012022-08-312022-08-312022-08-242022-08-232022-08-232022-08-182022-08-172022-08-152022-08-112022-08-112022-08-092022-08-092022-08-042022-08-042022-08-042022-08-022022-08-022022-07-292022-07-282022-07-282022-07-262022-07-222022-07-202022-07-142022-07-142022-07-132022-07-122022-07-072022-07-062022-07-052022-07-012022-07-012022-06-302022-06-302022-06-292022-06-292022-06-292022-06-292022-06-282022-06-272022-06-272022-06-242022-06-232022-06-232022-06-222022-06-212022-06-202022-06-162022-06-152022-06-142022-06-132022-06-092022-06-082022-06-082022-06-032022-06-022022-06-022022-06-022022-06-012022-05-252022-05-252022-05-202022-05-172022-05-102022-05-052022-05-052022-05-042022-04-282022-04-262022-04-192022-04-142022-03-012021-08-242021-06-012021-04-062021-01-232021-01-132020-09-292020-09-092020-08-262020-08-112020-07-302020-07-232020-07-212020-07-152020-06-292020-06-232020-06-222020-06-162020-06-122020-06-052020-06-052020-06-042020-06-032020-06-022020-06-012020-05-292020-05-202020-05-202020-05-202020-05-182020-05-152020-05-142020-05-142020-05-132020-05-122020-05-122020-05-072020-05-072020-05-062020-05-062020-05-052020-05-052020-05-012020-04-292020-04-292020-04-282020-04-282020-04-272020-04-242020-04-232020-04-222020-04-212020-04-212020-04-212020-04-202020-04-202020-04-172020-04-152020-04-152020-04-152020-04-152020-04-152020-04-142020-04-142020-04-142020-04-132020-04-132020-04-102020-04-092020-04-092020-04-082020-04-082020-04-082020-04-082020-04-082020-04-072020-04-062020-04-052020-04-032020-04-032020-04-032020-04-022020-04-022020-04-022020-04-022020-04-012020-04-012020-04-012020-03-312020-03-312020-03-302020-03-272020-03-262020-03-262020-03-262020-03-252020-03-252020-03-242020-03-242020-03-232020-03-232020-03-132024-03-262024-03-122024-02-282024-02-282024-02-152024-02-142024-02-132024-02-132024-02-062024-02-012024-02-012024-01-312024-01-302024-01-302024-01-302024-01-262024-01-232024-01-232024-01-112024-01-092024-01-092024-01-092024-01-092024-01-082023-12-182023-12-142023-12-132023-12-112022-10-262020-04-022023-08-172020-06-022023-12-082023-10-192023-09-262023-07-142023-06-262023-06-082023-04-112023-04-102023-04-032023-03-202023-03-162023-02-272023-02-162023-02-022023-01-252023-01-182023-01-042022-11-162022-11-092022-11-092022-10-282022-10-262022-10-182022-08-202022-08-022022-07-212022-07-212022-07-202022-06-292022-06-142022-06-092022-04-122022-03-082021-11-182021-11-022020-07-202020-05-292020-04-272020-04-242020-04-212020-04-102020-04-072020-04-022020-04-012020-03-312020-03-312020-03-302020-03-292020-03-272020-03-232024-03-142024-02-262024-02-132024-01-162024-01-082024-01-062023-02-272022-10-24,11287.9211799245,3566282.0,3351159.0,FoodFoodCryptoDataFoodFinanceMarketingFinanceHealthcareHealthcareTransportationRecruitingCryptoDataFitnessSalesHealthcareFoodFinanceFinanceTravelFinanceFoodFoodConsumerHealthcareConsumerFoodFoodMarketingTransportationHealthcareMarketingMarketingMediaFinanceTransportationTransportationConstructionProductTransportationMarketingMarketingRetailTransportationMarketingFoodMarketingHealthcareFinanceRecruitingTransportationDataTransportationRetailFoodConsumerSalesConsumerHardwareMarketingMarketingOtherOtherAerospaceOtherEducationReal EstateEducationReal EstateEducationDataFoodMarketingOtherOtherHealthcareOtherLogisticsTransportationHealthcareOtherHealthcareHealthcareEnergyTransportationFinanceFinanceOtherDataRetailFinanceHardwareRecruitingFinanceDataAIHealthcareEducationFinanceCryptoFinanceProductSecurityFinanceFoodMediaProductMarketingFinanceHealthcareHealthcareHRAerospaceReal EstateRetailReal EstateCryptoFinanceDataFoodMediaInfrastructureFinanceTransportationFinanceFoodEducationCryptoHealthcareConsumerSupportInfrastructureTransportationRecruitingHealthcareOtherOtherOtherFinanceFinanceInfrastructureTransportationOtherOtherReal EstateCryptoFinanceDataOtherFinanceMediaConsumerTransportationTransportationHRSupportEducationConsumerCryptoTransportationSecurityMediaTransportationTravelConsumerSecurityConsumerFinanceSalesOtherRetailOtherConsumerFinanceProductFinanceHRSalesFinanceOtherRetailHRCryptoSecurityOtherDataOtherFinanceHRFinanceRetailFoodDataHealthcareHealthcareFinanceLogisticsSecurityConsumerDataOtherSupportFinanceOtherFinanceHRLogisticsFinanceSecurityCryptoFinanceOtherOtherRetailSalesSupportSupportConsumerHealthcareEducationProductSecuritySecurityFinanceTransportationConsumerFinanceFinanceProductFoodCryptoTransportationHealthcareMediaInfrastructureOtherSalesSupportMediaReal EstateConsumerFinanceDataOtherConsumerMarketingConsumerSalesSupportConsumerFinanceTransportationLogisticsFinanceFinanceFoodFinanceRecruitingFinanceFinanceFinanceReal EstateProductFinanceRetailMediaSalesFinanceReal EstateEducationMarketingInfrastructureHealthcareFoodSupportTransportationInfrastructureSalesReal EstateAerospaceHROtherMediaSupportSalesHealthcareFinanceReal EstateReal EstateHRHRInfrastructureSecurityFinanceHealthcareHealthcareInfrastructureRetailFinanceHealthcareEducationFinanceProductMarketingEducationFinanceRecruitingHealthcareTransportationCryptoReal EstateFitnessMarketingFinanceHREducationTravelInfrastructureRetailCryptoOtherConsumerTransportationMediaDataMarketingDataFinanceMediaFinanceEducationProductHealthcareReal EstateOtherCryptoEducationRetailTravelHealthcareConsumerHealthcareConsumerConsumerProductSecurityFinanceConsumerMediaFinanceProductEducationFinanceEducationFinanceFinanceHealthcareRetailEducationConstructionInfrastructureFoodOtherHealthcareTransportationSalesConsumerRetailHRRecruitingMarketingConstructionProductFinanceDataFinanceMediaFinanceSecurityFinanceFinanceRetailFinanceLogisticsFinanceSupportTransportationHRTransportationTransportationRetailReal EstateDataRecruitingFinanceTransportationDataTravelConsumerConsumerTransportationTransportationDataFinanceOtherHealthcareHRTransportationFinanceConsumerMediaHealthcareHealthcareMarketingReal EstateConsumerFinanceHRTransportationRetailHRConsumerTransportationLogisticsConstructionConsumerDataConsumerTransportationFinanceRecruitingMarketingMarketingFinanceAerospaceMarketingRetailInfrastructureConstructionRetailHRInfrastructureFinanceRecruitingHealthcareLogisticsTransportationConsumerTransportationRetailReal EstateOtherTravelEducationTravelReal EstateRecruitingFinanceConsumerFinanceTransport…ConsumerFinanceTravelInfrastruc…FoodConsumerSalesSecurityOtherSecurityFinanceFinanceEnergySalesRetailFinanceConsumerConsumerHealthcareFinanceHardwareOtherEnergyTransport…HealthcareFinanceFitnessFitnessReal EstateDataRetailLogisticsLogisticsHRLogisticsSalesReal EstateEnergyRecruitingRetailRetailSalesOtherSalesLegalOtherRetailRetailReal EstateReal EstateRetailReal EstateRetailMarketingSalesTransportationHealthcareReal EstateDataReal EstateLogisticsTransportationHealthcareDataReal EstateFinanceReal EstateReal EstateFinanceHealthcareInfrastructureReal EstateEducationMarketingConsumerFitnessMediaMarketingRecruitingRetailRecruitingTravelOtherTransport…LogisticsHealthcareHealthcareHealthcare,UnknownSeries ESeries BSeries APost-IPOPrivate Equity …Series FPost-IPOUnknownSeries APost-IPOPost-IPOSeries BPost-IPOSeries CSeries GUnknownSeries CPrivate Equity …Series DPrivate Equity …Series BPost-IPOPost-IPOPost-IPOPost-IPOUnknownPost-IPOSeries CSeries BPost-IPOSeries CUnknownUnknownSeries BSeries CPost-IPOUnknownUnknownSeries APost-IPOPost-IPOUnknownSeedSeries BSeries DSeries ISeries CSeries BSeries CSeries BSeries DUnknownUnknownSeries CSeries CPost-IPOPrivate …AcquiredPost-IPOSeries BSeries BPost-IPOSeries EPost-IPOPost-IPOAcquiredSeries BSeries ASeries BAcquiredPost-IPOSeries ASeries CPost-IPOSeries CPost-IPOPost-IPOSeries DPost-IPOPost-IPOSeries CPost-IPOPost-IPOPost-IPOAcquiredSeries ESeries CPost-IPOPost-IPOSeries GPost-IPOSeries FAcquiredPost-IPOPost-IPOSeries BSeries DAcquiredSeries BSeries DSeries BSeries FUnknownSeries HUnknownPost-IPOSeedUnknownPost-IPOPost-IPOPost-IPOSeries EPost-IPOSeries BPost-IPOSeries CUnknownUnknownPost-IPOSeries DUnknownPost-IPOPost-IPOPost-IPOUnknownAcquiredPost-IPOUnknownPost-IPOSeries FAcquiredSeries DSeries DAcquiredPost-IPOPost-IPOPost-IPOPost-IPOSeries DSeries DSeries EPost-IPOSeries FPost-IPOPost-IPOSeries BSeries CPost-IPOPost-IPOSeries EPost-IPOPost-IPOPost-IPOPost-IPOAcquiredPost-IPOSeries CPost-IPOSeries DPost-IPOPost-IPOAcquiredSubsidi…Post-IPOPost-IPOSeries BPost-IPOSeries CPost-IPOAcquiredPost-IPOPost-IPOAcquiredPost-IPOPost-IPOPost-IPOSeries ESeries ESeries BPost-IPOPost-IPOSeries EUnknownPost-IPOSeries CPost-IPOSeries EPost-IPOPost-IPOPost-IPOPost-IPOSeries HPost-IPOPost-IPOSeries ESeries ESubsidi…Series BPost-IPOSeries CSeries BPost-IPOSeries FPost-IPOPost-IPOSeries FSeries ESeries FPrivate Equity …Post-IPOPost-IPOPost-IPOPost-IPOUnknownPost-IPOSeries EPost-IPOSeries ISeries ESeries DSeries FSeries CPrivate Equity …Series DSeries FSeries EPost-IPOSeries CSeries DPost-IPOUnknownSeries DSeries EPost-IPOPost-IPOPost-IPOSeries CSeries DUnknownSeries DUnknownPost-IPOSeries DPost-IPOPost-IPOAcquiredAcquiredPost-IPOAcquiredPost-IPOSeries HPost-IPOSeries ESeries GSeries HSeries CPost-IPOSeries CSeries BSeries DSeries CSeries CSeries CSeries BSeries GUnknownSeries ESeries DSeries CUnknownPost-IPOSeries DPost-IPOSeries HPost-IPOAcquiredSeries DPost-IPOSeries BUnknownSeries CPost-IPOSeries FSeries DSeries HSeries EPost-IPOSeries DSeries BSeries CSeedPost-IPOSeries BPost-IPOSeries DSeries CPost-IPOSeries CPost-IPOPost-IPOSeries APost-IPOSeries CSeries CSeries BAcquiredSeries ASeries DPost-IPOSeries BSeries ESeries ESeries BSeries ESeries CSeries DSeries BSeries CPost-IPOSeries CPost-IPOSeries DSeries ASeries BUnknownPost-IPOSeries BSeries DPost-IPOSeries CSeries ESeries DUnknownSeries DSeries BPost-IPOSeries BPost-IPOPost-IPOSeries DSeries CSeries DSeries BSeries CSeries CSeries DSeries EPost-IPOPost-IPOPost-IPOSeries CSeries ASeries ASeries DPost-IPOPost-IPOUnknownPost-IPOSeries AUnknownPost-IPOAcquiredPost-IPOSeries DAcquiredPost-IPOUnknownAcquiredSeries DAcquiredSeries DSeries ESeedPost-IPOPost-IPOSeries BSeries DSeries CSeries CSeries FSeries CPost-IPOSeries CSeries FPrivate Equity …Series DPost-IPOSeries CAcquiredSeries BSeries CSeries BSeries BAcquiredSeries CPost-IPOSeries DPrivate Equity …UnknownSeries APost-IPOSeries DUnknownSeries BSeries BSeries BSeries CSeries APost-IPOSeries ESeries DSeries CSeries CSeries CSeries EPost-IPOSeries ESeries CSeries APost-IPOSeries BSeries BSeries BSeries ASeries BPost-IPOSeries DPost-IPOSeries CSeries BSeries CSeries CSeries ESeries EUnknownSeries DSeries ESeries DSeries DSeries BSeries EUnknownSeries CSeries CSeries ASeries DSeries ESeries FSeries DSeries CSeries BSeedSeries BSeries ASeries DSeries BSeries BSeries CSeedSeries AUnknownPost-IPOSeries CPost-IPOPost-IPOPost-IPOUnknownPost-IPOPost-IPOPost-IPOAcquiredPost-IPOPost-IPOSeries DPost-IPOPost-IPOSeries DSeries HAcquiredPost-IPOSeries ASeries CPost-IPOPost-IPOAcquiredPost-IPOSeries CPost-IPOPost-IPOPost-IPOSeries BAcquiredSeries ESeries DAcquiredSeries ESeries FPost-IPOUnknownUnknownPost-IPOPost-IPOSeries GPost-IPOSeries FSeries DPost-IPOPost-IPOPost-IPOPost-IPOSeries CPost-IPOPost-IPOPost-IPOSeries DSeries GSeries DSeries BSeries CSeries EPost-IPOSeries ESeries DPost-IPOAcquiredPost-IPOSeries BSeries ASeries ASeries BSeries BUnknownPost-IPOUnknownSeries CSeries GSeries CPost-IPOSeries BUnknownAcquiredUnknownPost-IPOPost-IPOAcquiredSeries DPost-IPOSeries CSeries C,"$423$863$84$158$122$54$456$220$216$51$340$769$205$613$619$1100$215$64$220$191$686$277$122$122$4900$910$652$122$64$78$300$163$10$40$65$175$783$368$649$29$340$60$70$2$88$58$478$106$75$110$219$623$7$45$90$64$4,900$361$21$27,200$145$26$400$170$316$400$192$35$26$35$89$689$6$89$366$537$899$366$399$648$28$537$899$899$116$15000$1300$302$1300$2400$1700$1300$365$154$392$272$86$522$8$50$70$123$1400$296$468$94$208$1$4$665$82$1100$567$574$57$1600$149$1500$32$409$711$81$214$5600$25200$116$284$227$253$1100$1300$85$173$2100$154$503$1300$168$1700$272$272$337$4900$411$307$1900$149$85$311$2300$339$208$2$8300$314$204$484$477$26000$487$317$148$20$5.500$839$557$126$12900$302$536$62$356$614$6$566$413$1500$746$583$85$276$1200$396$10$1200$476$2400$415$216$230$144$1600$1900$455$550$379$1300$2700$97$26$64$153$253$491$1300$392$328$2400$565$205$549$665$307$326$176$65$620$484$698$514$240$1400$153$537$734$567$613$679$302$212$2500$134$2100$459$208$2$453$164$240$100$597$1500$665$119$326$26000$6$244$65$85$12900$2300$4900$154$2300$468$103$144$148$85$553$142$151$203$177$1700$235$426$1500$217$235$1100$103$585$1900$253$8$173$536$180$1$67$614$413$240$143$379$1300$169$117$114$3$214$80$665$255$218$1100$114$679$242$20$5600$175$65$51$510$22$328$4900$7$240$450$153$881$496$240$26$169$310$106$1300$770$13$82$250$1600$61$406$121900$159$461$248$7$178$83$549$50$79$839$255$108$522$76$197$203$1900$1300$287$121900$679$192$20$64$130$5600$665$9$1600$14$1600$215$763$1700$356$67$65$2$42$309$154$251$1300$3$18$40$50$139$106$52$120$453$79$732$530$2.500$240$24700$49$5300$73$80$79$77$204$92$24700$283$5400$1500$82$4900$765$156$71$840$29$583$52$392$613$165$50$100$100$1500$288$447$72$40$358$59$90$955$12$35$56$114$332$95$40$72$65$367$293$100$162$297$247$1200$68$114$151$190$52$15$227$467$423$403$88$34$5$26$24$359$79$48$94$1$79$86$2$71$839$2$2,900$2$536$1,200$276$885$216$150$523$65$1,200$1,500$995$35$556$14$230$1,300$116$15,000$2,500$302$114$114$30$58$194$1100$263$33$1100$644$320$13$42$108$71$489$152$644$171$1$108$108$320$310$108$97$71$187$489$329$42$310$347$319$1100$329$406$46$97$15$17$24$15$42$1$319$2$46$310$91$77$25$41$2$42$3,300$137$9$263$826$462$462",1112075,21045.8435655,-66792.2533398
Colorado,3139,DutchieJumpcloudStediStreamTIFINOutsideFlytedeskVehoEvolveAgentSyncInspiratoEvolveGuildPalantirInspiratoHomebotBluprintIbottaGoSpotCheckInspiratoSonderMind,BendBoulderBoulderBoulderBoulderBoulderBoulderBoulderDenverDenverDenverDenverDenverDenverDenverDenverDenverDenverDenverDenverDenver,1629.0,2022-06-062023-01-182022-08-022022-06-302022-06-142022-05-202020-03-182024-01-252023-09-122023-07-192023-07-192023-05-292023-05-242023-02-272023-01-182022-12-192020-05-262020-04-072020-03-262020-03-162024-01-16,402.0,14071.0,12442.0,OtherSecurityProductProductCryptoMediaMarketingLogisticsTravelFinanceTravelTravelEducationDataTravelReal EstateEducationRetailRetailTravelHealthcare,Series DSeries FSeries BSeries BSeries DSeries BSeedSeries BSeries FSeries BPost-IPOSeries FSeries FPost-IPOPost-IPOAcquiredAcquiredSeries DSeries BSeries CSeries C,$603$416$75$58$204$174$4$299$224$111$179$224$643$3000$179$4$108$85$47$79$183,42464,840.77205,-2223.01026
Connecticut,3198,Sema4TomoKayak / OpenTable,StamfordStamfordStamford,454.0,2022-08-152022-05-312020-04-29,54.0,4056.0,3602.0,HealthcareFinanceTravel,Post-IPOSeries AAcquired,$791$110$229,6064,123.16029,-220.61619000000002
Delaware,191,Lokalise,Dover,76.0,2022-11-16,23.0,330.0,254.0,Other,Series B,$56,2022,39.15817,-75.52437
Florida,2416,FreightosSpringbigPicsartMagic LeapCitrixDeepwatch,MiamiMiamiMiamiMiamiMiamiTampa Bay,2207.0,2023-07-122022-12-012022-05-172020-04-222024-01-102023-07-13,113.0,12433.0,10226.333333333334,LogisticsSalesConsumerConsumerInfrastruc…Security,Post-IPOPost-IPOSeries CSeries EAcquiredSeries C,$118$32$195$2600$20$256,12134,156.81887,-483.42672999999996
Georgia,865,SecureWorksCalendlySecureWorksSalesloftGreenlightSundayOneTrustStordOneTrustFullStoryOlive AIBeam BenefitsRoot InsuranceOliveFinite State,AtlantaAtlantaAtlantaAtlantaAtlantaAtlantaAtlantaAtlantaAtlantaAtlantaColumbusColumbusColumbusColumbusColumbus,2924.0,2023-08-142023-07-262023-02-072023-02-072023-01-122022-06-242022-06-092022-06-022020-04-092024-01-092023-02-092023-02-082022-11-092022-07-192022-06-17,255.0,16599.0,13675.0,SecurityOtherSecuritySalesFinanceFinanceSecurityLogisticsLegalMarketingHealthcareHealthcareFinanceHealthcareSecurity,Post-IPOSeries BPost-IPOAcquiredSeries DSeries ASeries CSeries DSeries BUnknownSeries HSeries EPost-IPOSeries HSeries B,$83$351$83$245$556$124$926$325$410$197$856$168$527$856$49,30337,537.2959000000001,-1258.87375
Idaho,77,MicronMicron,BoiseBoise,7200.0,2023-02-172023-01-01,15.0,96000.0,88800.0,HardwareHardware,Post-IPOPost-IPO,$50$50,4046,87.227,-232.4069
Illinois,3315,AtlasThoughtworksProject44ClearcoverThoughtworksAmountBasis TechnologiesRelativityBuilt InFoxtrotFourKitesGoHealthProject44The Mom ProjectHologramCameoG2SpotHeroHireologyUPshowJiobitPerkSpotShowpadRemote Year,ChicagoChicagoChicagoChicagoChicagoChicagoChicagoChicagoChicagoChicagoChicagoChicagoChicagoChicagoChicagoChicagoChicagoChicagoChicagoChicagoChicagoChicagoChicagoChicago,3210.0,2023-08-232023-08-082023-05-262023-04-172023-03-012023-02-272023-02-212022-12-072022-10-052022-09-232022-08-112022-08-092022-07-152022-07-142022-06-092022-05-042020-06-302020-06-032020-05-122020-04-242020-04-242020-04-062020-04-012020-03-19,411.0,38675.0,35465.0,HROtherLogisticsFinanceOtherFinanceMarketingLegalRecruitingFoodLogisticsHealthcareLogisticsHRInfrastructureConsumerMarketingTransportationRecruitingMarketingConsumerHRMarketingTravel,Series BPost-IPOUnknownSeries DPost-IPOUnknownSeries BPrivate Equity …Series CSeries CSeries DPost-IPOUnknownSeries CSeries BUnknownSeries CSeries DSeries DSeries AUnknownPrivate Equity …Series DSeries B,$220$748$817$304$748$283$52$125$29$166$201$75$817$115$82$165$101$117$52$7$12$50$159$17,48519,1004.4007199999999,-2103.6012
Indiana,195,Woven,Indianapolis,5.0,2022-08-16,15.0,33.0,28.0,HR,Series A,$11,2022,39.76838,-86.15804
Kansas ,393,C2FOC2FO,Kansas CityKansas City,100.0,2023-10-162022-12-09,5.0,3667.0,3567.0,FinanceFinance,Series HSeries H,$537$537,4045,78.19946,-189.15714
Maryland,69,DragosSonatype,BaltimoreBaltimore,150.0,2023-06-062023-05-09,23.0,1270.0,1120.0,SecuritySecurity,Series DAcquired,$364$154,4046,78.58076,-153.22438
Massachusetts,4525,TripAdvisorBullhornDriftRapid7VendrAkamaiBrightcovePear TherapeuticsiRobotDraftKingsHubSpotWayfairStarryAmerican RoboticsAkili LabsTechTargetAqua SecuritySalsifyPear TherapeuticsPear TherapeuticsRepertoire Immu…CybereasonSnykVesalius TherapeuticsRubiusTCR2DataRobotTufinQuanterixiRobotPear TherapeuticsWHOOPTransmit SecurityAuraSuperpedestrianNotarizeThe GrommetPreplyCybereasonDataRobotFlywireWorkableTripAdvisorTorCarGurusNuoDBSpyceToastezCaterSage TherapeuticsWordstreamCogitoSalsifyThe Predictive InvestmentJobcaseCrayonDataRobotZipcarBeviToastDrizlyiRobotWayfair,BostonBostonBostonBostonBostonBostonBostonBostonBostonBostonBostonBostonBostonBostonBostonBostonBostonBostonBostonBostonBostonBostonBostonBostonBostonBostonBostonBostonBostonBostonBostonBostonBostonBostonBostonBostonBostonBostonBostonBostonBostonBostonBostonBostonBostonBostonBostonBostonBostonBostonBostonBostonBostonBostonBostonBostonBostonBostonBostonBostonBostonBostonBoston,12784.0,2023-11-122023-10-192023-09-072023-08-082023-05-312023-05-092023-05-032023-04-072023-02-132023-02-012023-01-312023-01-202023-01-182023-01-172023-01-122022-12-082022-12-052022-11-162022-11-162022-11-142022-11-082022-10-262022-10-242022-09-192022-09-132022-08-312022-08-232022-08-212022-08-092022-08-052022-07-252022-07-212022-07-052022-06-232022-06-222022-06-152022-06-092022-06-092022-06-012022-05-112020-05-072020-05-052020-04-282020-04-172020-04-162020-04-102020-04-082020-04-072020-04-072020-04-072020-04-062020-04-062020-04-032020-04-022020-04-022020-04-012020-03-272020-03-272020-03-272024-02-152024-02-052024-01-292024-01-19,1480.6666666666667,97045.0,84261.0,TravelSalesMarketingSecurityOtherSecurityMarketingHealthcareConsumerConsumerMarketingRetailOtherOtherHealthcareMarketingSecurityRetailHealthcareHealthcareHealthcareSecuritySecurityHealthcareHealthcareHealthcareDataSecurityHealthcareConsumerHealthcareFitnessSecuritySecurityTransportationLegalRetailEducationSecurityDataFinanceRecruitingTravelSecurityTransportationDataFoodFoodFoodHealthcareMarketingSupportRetailHRRecruitingMarketingDataTransportationFoodFoodRetailConsumerRetail,Post-IPOAcquiredAcquiredPost-IPOSeries BPost-IPOPost-IPOPost-IPOAcquiredPost-IPOPost-IPOPost-IPOPost-IPOAcquiredPost-IPOPost-IPOSeries ESeries FPost-IPOPost-IPOSeries BSeries FSeries FSeries BPost-IPOPost-IPOSeries GAcquiredPost-IPOAcquiredPost-IPOSeries FSeries ASeries FSeries CSeries DAcquiredSeries CSeries FSeries GSeries ESeries CPost-IPOUnknownPost-IPOUnknownSeries ASeries FSeries DPost-IPOAcquiredSeries CSeries DAcquiredPrivate Equity …Series ASeries EAcquiredSeries CPost-IPOAcquiredPost-IPOPost-IPO,"$3$32$107$89$216$35$145$409$30$719$100$1700$260$92$301$115$265$452$409$409$257$750$849$75$445$173$1000$21$533$30$409$404$583$500$261$213$5$100$750$1000$263$84$3$1$1$85$26$902$319$438$28$92$97$65$118$16$430$107$60$962$119$30$1,700",127371,2668.5810899999997,-4476.76551
Michigan,1119,ClincOur Next EnergyRivianStockXRivianStockXOur Next Energy,Ann ArborDetroitDetroitDetroitDetroitDetroitDetroit,1308.0,2020-04-092023-11-272022-07-272022-06-282020-06-022020-04-232024-03-04,98.0,19278.0,17970.0,SupportTransportationTransportationRetailTransportationRetailTransport…,Series BSeries BPost-IPOSeries EPrivate Equity …Series CSeries B,$59$390$10700$690$3100$160$390,14151,296.26614,-582.01538
Minnesota,1114,KaleidoscopeWhen I WorkCode42Foodsby,MinneapolisMinneapolisMinneapolisMinneapolis,182.0,2023-03-142020-04-222020-04-092020-03-24,137.0,837.0,655.0,FinanceHRDataFood,Series ASeries BSeries BSeries B,$16$24$138$20,8083,179.91988,-373.05536
Montana,282,Submittable,Missoula,30.0,2020-04-25,20.0,150.0,120.0,Other,Series B,$17,2020,46.87215,-113.994
Nebraska,287,Exodus,Nebraska City,59.0,2022-11-04,22.0,268.0,209.0,Crypto,Unknown,$60,2022,40.67667,-95.85917
Nevada,1025,SocureSocure,RenoReno,173.0,2023-01-052022-06-17,32.0,1078.0,905.0,FinanceFinance,Series ESeries E,$646$646,4045,79.05926,-239.6276
New Hampshire,283,iCAD,Nashua,23.0,2023-03-29,28.0,82.0,59.0,Healthcare,Post-IPO,$59,2023,42.76537,-71.46757
New York,61631,EtsyDataminrNomad HealthChainalysisHodinkeeNexarAuguryVerbitDeep InstictSisenseTytoCareArtsySonosOloCityblock HealthOutbrainAwayStashLemonadeSimilarwebStack OverflowTheSkimmVroomGreenhouseChiefTeampayBuzzFeedGloatCommunity Gami…BoostBoxedSiriusXMFireblocksDigitalOceanSprinklrElectricTripleLiftChainalysisTheSkimmTilting PointInnovidSaks.comTeladoc HealthPagayaSnappyConsenSysPersoneticsKalturaAuguryLeafLinkIntegral Ad ScienceLevLithicBuzzFeedStashBizzaboWonderCandy DigitalCapitolisSimilarwebYotpoOwnBackupRibbonVaronisEquityZenPlaydotsNoomRedesign HealthPelotonNYDIGCompassLivePersonTaboolaArgylePackableContraFectPelotonLatchGlossierOutbrainLunchboxGeminiLushaFabricSundaySkyButler HospitalityCalibrateSQreamBizzaboVerbitThimbleCelsiusStash FinancialNateUiPathJOKRBlockFiFood52PolicyGeniusGeminiAirtimeLatchLatchFood52KnockBetter.comHyperscienceDaily HarvestRhinoGlossierBetter.comKnotelGlossierSonosBranchThe SillGlitchIntegral Ad Scien…KickstarterCadreN26JumpAndelaStack OverflowNamelyTheSkimmTranSan FranciscoixSisenseCasperConsenSysGreenhouseButtonEden / Managed …AwayMediaMathGroup Nine MediaBounceXJettyBustle Digital GroupClassPassIndustrious1stdibsTripleLiftLoftsmartIris NovaBluegroundKnotelOvertimeCompassConveneFlywheel SportsStashSorareMelioGro IntelligenceGro IntelligenceRiskifiedSiriusXMFireblocksVroomAudibleSisenseFreshDirectRent the RunwayEtsy,New York CityNew York CityNew York CityNew York CityNew York CityNew York CityNew York CityNew York CityNew York CityNew York CityNew York CityNew York CityNew York CityNew York CityNew York CityNew York CityNew York CityNew York CityNew York CityNew York CityNew York CityNew York CityNew York CityNew York CityNew York CityNew York CityNew York CityNew York CityNew York CityNew York CityNew York CityNew York CityNew York CityNew York CityNew York CityNew York CityNew York CityNew York CityNew York CityNew York CityNew York CityNew York CityNew York CityNew York CityNew York CityNew York CityNew York CityNew York CityNew York CityNew York CityNew York CityNew York CityNew York CityNew York CityNew York CityNew York CityNew York CityNew York CityNew York CityNew York CityNew York CityNew York CityNew York CityNew York CityNew York CityNew York CityNew York CityNew York CityNew York CityNew York CityNew York CityNew York CityNew York CityNew York CityNew York CityNew York CityNew York CityNew York CityNew York CityNew York CityNew York CityNew York CityNew York CityNew York CityNew York CityNew York CityNew York CityNew York CityNew York CityNew York CityNew York CityNew York CityNew York CityNew York CityNew York CityNew York CityNew York CityNew York CityNew York CityNew York CityNew York CityNew York CityNew York CityNew York CityNew York CityNew York CityNew York CityNew York CityNew York CityNew York CityNew York CityNew York CityNew York CityNew York CityNew York CityNew York CityNew York CityNew York CityNew York CityNew York CityNew York CityNew York CityNew York CityNew York CityNew York CityNew York CityNew York CityNew York CityNew York CityNew York CityNew York CityNew York CityNew York CityNew York CityNew York CityNew York CityNew York CityNew York CityNew York CityNew York CityNew York CityNew York CityNew York CityNew York CityNew York CityNew York CityNew York CityNew York CityNew York CityNew York CityNew York CityNew York CityNew York CityNew York CityNew York CityNew York CityNew York CityNew York CityNew York CityNew York CityNew York CityNew York CityNew York CityNew York CityNew York City,21858.0,2023-12-132023-11-282023-10-202023-10-022023-09-052023-09-042023-08-022023-07-272023-07-252023-07-112023-07-062023-06-292023-06-142023-06-142023-06-082023-06-012023-05-312023-05-172023-05-162023-05-102023-05-102023-05-032023-04-272023-04-272023-04-272023-04-262023-04-202023-04-202023-04-142023-04-042023-03-152023-03-062023-02-202023-02-152023-02-152023-02-132023-02-102023-02-012023-02-012023-01-312023-01-232023-01-192023-01-182023-01-182023-01-152023-01-102023-01-052023-01-042023-01-042022-12-152022-12-072022-12-072022-12-072022-12-062022-12-062022-12-012022-11-302022-11-282022-11-172022-11-162022-11-162022-11-152022-11-142022-11-062022-10-312022-10-132022-10-112022-10-102022-10-062022-09-222022-09-202022-09-152022-09-132022-08-262022-08-232022-08-152022-08-122022-08-022022-08-022022-07-262022-07-212022-07-182022-07-182022-07-132022-07-112022-07-082022-07-082022-07-062022-07-052022-07-052022-07-052022-07-032022-06-302022-06-302022-06-272022-06-162022-06-132022-06-032022-06-022022-06-022022-05-232022-05-202022-05-102022-04-082022-03-152022-03-082022-03-032022-02-102022-02-032022-01-262021-12-012020-10-292020-08-072020-06-242020-06-112020-05-282020-05-212020-05-142020-05-132020-05-112020-05-082020-05-072020-05-052020-05-052020-05-012020-05-012020-04-292020-04-232020-04-212020-04-202020-04-172020-04-082020-04-082020-04-072020-04-072020-04-072020-04-062020-04-032020-04-032020-04-022020-04-022020-04-022020-04-022020-03-302020-03-302020-03-272020-03-272020-03-252020-03-232020-03-232020-03-202024-03-132024-03-062024-03-042024-03-012024-02-152024-02-132024-02-122024-02-072024-01-232024-01-112024-01-112024-01-102024-01-092023-12-13,3318.6913580246915,154905.0,133047.33333333334,RetailAIHealthcareCryptoRetailTransportationManufacturingDataSecurityDataHealthcareRetailConsumerFoodHealthcareMarketingRetailFinanceFinanceOtherRecruitingMediaTransportationRecruitingOtherFinanceMediaHRCryptoFinanceRetailMediaCryptoInfrastructureSupportOtherMarketingCryptoMediaConsumerMarketingRetailHealthcareFinanceMarketingCryptoSupportMediaManufacturingOtherMarketingReal EstateFinanceMediaFinanceMarketingFoodCryptoFinanceOtherMarketingSecurityReal EstateSecurityFinanceConsumerHealthcareHealthcareFitnessCryptoReal EstateSupportMarketingFinanceRetailHealthcareFitnessSecurityRetailMarketingFoodCryptoMarketingLogisticsMarketingFoodHealthcareDataMarketingDataFinanceCryptoFinanceRetailDataFoodCryptoFoodFinanceCryptoConsumerSecuritySecurityFoodReal EstateReal EstateDataFoodReal EstateConsumerReal EstateReal EstateRetailConsumerRetailRetailProductMarketingFinanceReal EstateFinanceTransportationRecruitingRecruitingHRMediaLogisticsDataRetailCryptoRecruitingMarketingReal EstateRetailMarketingMediaMarketingFinanceMediaFitnessReal EstateRetailMarketingReal EstateFoodReal EstateReal EstateMediaReal EstateReal EstateFitnessFinanceCryptoFinanceFoodFoodRetailMediaCryptoTransport…MediaDataFoodRetailRetail,Post-IPOSeries FUnknownSeries FSeedSeries DSeries ESeries EUnknownSeries FSeries DSeries DPost-IPOPost-IPOSeries DPost-IPOSeries DUnknownPost-IPOPost-IPOAcquiredSeries CPost-IPOPrivate Equity …Series BSeries BPost-IPOSeries DSeries ASeries BPost-IPOPost-IPOSeries EPost-IPOPost-IPOSeries DAcquiredSeries FSeries CUnknownPost-IPOUnknownPost-IPOPost-IPOSeries CSeries DPrivate Equity …Post-IPOSeries ESeries CAcquiredSeries BSeries CPost-IPOUnknownSeries ESeries BSeries ASeries DPost-IPOUnknownSeries ESeries CPost-IPOSeries BAcquiredSeries FSeries CPost-IPOPrivate Equity …Post-IPOPost-IPOPost-IPOSeries BUnknownPost-IPOPost-IPOPost-IPOSeries EPost-IPOSeries BUnknownSeries BSeries CSeries DSeries BSeries BSeries BSeries ESeries ESeries ASeries BUnknownSeries APost-IPOSeries BSeries EAcquiredSeries EUnknownSeries BPost-IPOPost-IPOAcquiredUnknownUnknownSeries ESeries DUnknownSeries EUnknownSeries CSeries DPost-IPOSeedSeries ASeries AAcquiredUnknownSeries CSeries DAcquiredSeries DSeries DSeries ESeries CSeries DSeries FPost-IPOUnknownSeries DSeries CSeries BSeries DPrivate Equity …UnknownSeries BSeries BSeries ESeries ESeries DSeries DSeries BSeries ASeedSeries BSeries CSeries BSeries GSeries DAcquiredUnknownSeries BSeries DSeries BSeries BPost-IPOPost-IPOSeries EPost-IPOAcquiredSeries FAcquiredPost-IPOPost-IPO,"$97$1100$218$536$40$149$274$569$322$274$156$100$455$184$891$394$181$480$481$235$153$28$1300$110$140$79$696$192$18$37$365$525$1000$491$429$212$16$536$28$235$295$965$172$571$104$726$178$166$274$379$116$114$115$696$480$194$850$100$281$235$436$507$405$30$11$10$657$315$1900$1400$1600$42$445$78$472$380$1900$342$266$394$72$423$245$336$74$50$127$77$194$569$28$864$480$47$2000$430$1000$176$286$423$33$342$342$176$654$905$289$120$133$266$905$560$186$455$2$7$30$116$10$133$782$11$181$68$217$28$128$274$339$10$110$64$40$181$607$190$75$40$80$549$222$253$16$18$15$77$560$35$1600$280$120$480$739$504$118$118$229$525$1,000$1,300$14$274$280$526$97",333626,6717.85455,-12210.985050000001
North Carolina,1021,PendoPendo,RaleighRaleigh,145.0,2023-06-122022-09-07,17.0,1733.0,1588.0,ProductProduct,Series FSeries F,$469$469,4045,71.5442,-157.27722
Ohio,468,AstronomerAstronomerCoterie Insurance,CincinnatiCincinnatiCincinnati,206.0,2023-04-132023-01-042022-05-25,80.0,780.0,574.0,DataDataFinance,Series CSeries CSeries B,$282$282$70,6068,117.38133,-253.54317000000003
Oregon,4702,NuScale PowerAbsciExterroVacasaBrave CareTreehouseCrowdStreetPuppetJamaVacasa,CorvallisPortlandPortlandPortlandPortlandPortlandPortlandPortlandPortlandPortland,1995.0,2024-01-082023-09-052023-02-012023-01-242022-09-062021-09-142020-06-012020-03-262020-03-252024-02-28,228.0,16613.0,14618.0,EnergyHealthcareLegalTravelHealthcareEducationReal EstateInfrastructureProductTravel,Post-IPOPost-IPOPrivate Equity …Post-IPOSeries BSeries BSeries CSeries FUnknownPost-IPO,$470$238$100$834$42$12$24$149$233$834,20220,454.2756159,-1227.3479335
Pennsylvania,4860,CrossbeamGopuffMiSan Franciscoits MarketGopuffGopuffGopuffGopuffFifth SeasonArgo AINiche,PhiladelphiaPhiladelphiaPhiladelphiaPhiladelphiaPhiladelphiaPhiladelphiaPhiladelphiaPittsburghPittsburghPittsburgh,3363.0,2023-03-302023-03-092023-02-092022-10-192022-07-122022-03-292022-01-262022-10-282022-10-262024-03-08,178.5842789460775,68973.0,65610.0,SalesFoodFoodFoodFoodFoodFoodFoodTransportationEducation,Series CSeries HSeries CSeries HSeries HSeries HSeries HSeries BUnknownSeries C,$116$3400$526$3400$3400$3400$3400$35$3600$44,20225,400.98852,-766.13301
Tennessee,569,ParlerBridge Connector,NashvilleNashville,214.0,2023-01-102020-11-17,175.0,234.0,20.0,ConsumerHealthcare,Series BSeries B,$36$45,4043,72.33178,-173.56888
Texas,570,Sana BenefitsLoopIndeedWheelCS DiscoCart.comBigCommerceKhorosWheelWorksmithScaleFactorArrive LogisticsuShipRigUpOutboundEngineThe GuildHelp.comBumbleMVPindexBestow,AustinAustinAustinAustinAustinAustinAustinAustinAustinAustinAustinAustinAustinAustinAustinAustinAustinAustinAustinDallas,3659.0,2023-11-012023-03-302023-03-222023-02-012023-01-192023-01-102022-12-152022-10-212022-08-182020-11-092020-06-232020-04-032020-03-312020-03-302020-03-252020-03-232020-03-162024-02-272024-01-252022-06-24,604.0,22956.0,19297.0,HRFinanceHRHealthcareLegalRetailRetailSalesHealthcareRetailFinanceLogisticsLogisticsEnergyMarketingTravelSupportConsumerMarketingFinance,Series BSeries AAcquiredSeries CPost-IPOUnknownPost-IPOPrivate Equity …Series CUnknownSeries CSeries BSeries DSeries DSeries CSeries BSeedPost-IPOSeries BSeries C,$106$24$5$215$233$383$224$138$215$4$103$35$69$423$48$36$6$313$27$137,40434,607.85891,-1953.92481
Utah,400,OcavuiFit,LehiLogan,320.0,2022-11-102022-11-14,68.0,1542.0,1222.0,CryptoFitness,Series APrivate Equity …,$11$200,4044,68.36084,-193.45918999999998
Vermont,122,Polly,Burlington,47.0,2022-12-02,15.0,313.0,266.0,Finance,Series C,$184,2022,44.47588,-73.21207
Virginia,9675,ExpelPie InsuranceVox Media54geneLoopVox MediaIronNetIronNetCvent,Washington DCWashington DCWashington DCWashington DCWashington DCWashington DCWashington DCWashington DCWashington DC,947.0,2023-06-092023-05-182023-01-202022-08-292022-08-242022-07-272022-06-222022-06-222020-05-21,145.0,9830.0,8883.0,SecurityFinanceMediaHealthcareFinanceMediaSecuritySecurityMarketing,Series ESeries DSeries FSeries BSeries ASeries FPost-IPOPost-IPOAcquired,$288$621$307$44$24$307$410$410$146,18199,350.05599,-693.3273300000001
Washington,2127,PiplStay Alfred,SpokaneSpokane,243.0,2022-06-232020-05-20,113.0,390.0,147.0,SecurityTravel,UnknownSeries B,$19$62,4042,95.31932,-234.85816
Wisconsin,1080,FetchRedoxFrontdeskFrontdesk,MadisonMadisonMilwaukeeMilwaukee,379.0,2023-03-142020-06-162020-04-102024-01-02,151.0,1595.0,1216.0,RetailHealthcareTravelTravel,Series ESeries CUnknownUnknown,$581$50$3$26,8087,172.22390000000001,-354.6154
